,MonthlySeaLevelPressure,MonthlyStationPressure
calc_csv_1.csv,0.9908869280437916,0.7627705805633472
calc_csv_2.csv,0.9995221715245972,0.9196543858219232
